{"cameraMode":{"drawMode":0,"name":"Shaded","section":"Shading Mode"},"sceneLighting":true,"audioPlay":false,"sceneViewState":{"m_AlwaysRefresh":false,"showFog":true,"showSkybox":true,"showFlares":true,"showImageEffects":true,"showParticleSystems":true,"showVisualEffectGraphs":true,"m_FxEnabled":true},"in2DMode":false,"pivot":{"x":0.5753991603851318,"y":0.745120108127594,"z":0.7741648554801941},"rotation":{"x":-0.05994050204753876,"y":0.9153224229812622,"z":-0.14847484230995179,"w":-0.36952367424964907},"size":0.5024903416633606,"orthographic":false}